id,email,first_name,last_name,phone_number,created_at,created_by,updated_at,updated_by
080b0e62-a5c5-4723-ab55-4289fdea896c,,,,,,,,
a1c64968-476f-4fe0-b2f9-322af5e1576a,,,,,,,,
6dd5415d-5275-48a1-bfda-e469cd7a10a7,,,,,,,,
092cc9e5-777f-49ce-8bf0-cb191d19869f,,,,,,,,
0bd295b5-ecfc-4605-a5b4-0d50d9c63fd0,,,,,,,,
bd07e45a-bfa5-4670-8191-4ec043770ad1,,,,,,,,
7b8145a7-01bf-43d5-a0b8-30a2c4b81c5f,,,,,,,,
eac1f8ce-8e77-478a-9157-e2a77a26fbc5,,,,,,,,
c0ea5846-e0f3-4cfc-acb0-768980544628,,,,,,,,
d768e983-3b94-436a-adce-102cba32491d,,,,,,,,
f510fdc5-c747-4520-ba58-4d530b57562f,,,,,,,,
2e9489f8-9a22-4714-84ea-636978d7919f,,,,,,,,
6925708c-298d-4e64-8533-ac0b607a9936,,,,,,,,
eeaa4fa6-bcca-47fd-b7e4-14052836cf2c,,,,,,,,
549ef76d-6a01-4200-86e3-cead531993d5,,,,,,,,
3e67c010-35d4-4f7c-9a90-d1923d8caf33,,,,,,,,
01c89c36-6e3c-4b1a-a029-ab871fbc77e3,,,,,,,,
05490a76-b094-4150-a7a6-090d2ddcdd51,,,,,,,,
600275d7-6b19-4516-95c0-efaaa25b9c08,,,,,,,,
f6c6816f-77ba-4cb5-9ee2-5080733c1bdd,,,,,,,,
c745e3d2-d898-4145-819d-037bcaf14721,,,,,,,,
8d20b75a-9258-4c02-a2e8-b6de8198f8e9,,,,,,,,
c92226a5-65b1-4b47-a839-872ab130c36c,,,,,,,,
c4a3e735-ff1f-47d2-abbe-85dff16bae58,,,,,,,,
f07ca33f-81fc-4c79-b5d2-8753db6568e2,,,,,,,,
