id,filename,uri,notes,is_preferred,discriminator,created_at,created_by,updated_at,updated_by
b1136ee3-94e6-4415-b073-fcc1798d0d93,,,,,,,,,
8614023b-a3b0-430e-8343-c7b0c54a94ac,,,,,,,,,
82e27e6c-9088-4ab1-8963-d396dea111c0,,,,,,,,,
bb34e4ec-b636-47d3-86a7-ac4724f7484e,,,,,,,,,
0311d186-19cd-4c86-93c5-a78d249d86e5,,,,,,,,,
5c144dd1-a17a-4d11-bfc6-9c9688953868,,,,,,,,,
98aa9e31-e1b0-4ebb-b902-d1067c2f3b2e,,,,,,,,,
ed701c09-5d51-4b8a-b9d0-9187ba4d095c,,,,,,,,,
d2b540f4-c453-4a84-97c2-3bf7d5d576d5,,,,,,,,,
b3b125a1-ced6-4b0f-9c1f-0f46cf1c1657,,,,,,,,,
a1ce95bb-db14-497d-8410-be3e77406621,,,,,,,,,
2bf60569-1d1c-4c8a-817b-a67a0b30e79b,,,,,,,,,
1a082c92-0299-4ac1-a861-949d506fcefb,,,,,,,,,
4b1ea827-d5fc-4e8d-b724-5b7cb3cf72b6,,,,,,,,,
df5f246e-e3b5-4386-b23a-c7b12079f8c4,,,,,,,,,
4418739c-8432-4137-8659-240845814937,,,,,,,,,
590a4065-53b4-4c14-bd46-9801e6dec39a,,,,,,,,,
5f455fec-a923-4437-887a-d16288b10822,,,,,,,,,
dd970d0a-776d-45b5-852a-023e3ae419da,,,,,,,,,
10e80f8b-6c86-401a-8e12-d0ae47d6624e,,,,,,,,,
f903b254-55a0-40cc-a333-37d4b0bf84d5,,,,,,,,,
21e06cf5-8a16-4757-8c6f-22dd726fe778,,,,,,,,,
4f17346e-0a95-4310-a683-3e47af1b8243,,,,,,,,,
35705b65-9a9b-4140-b5ce-6ff336c1591c,,,,,,,,,
f8037c76-4ac0-4c87-a380-0a7a30421780,,,,,,,,,
