id,discriminator,created_at,created_by,updated_at,updated_by,name
8f689277-adb3-4ff2-a534-af7b699412cb,,,,,,
7902c3ff-6474-4004-83eb-10e328b3c297,,,,,,
6ff58c0a-c332-4803-a981-d6b68bd363a5,,,,,,
d24013f4-932e-492e-82e6-42388d5b71cf,,,,,,
5eb77878-b5ef-4bb0-9839-a443875bdfa3,,,,,,
107cfe1f-be3f-4d01-8efd-541f747bf3ef,,,,,,
09a57a41-619c-487d-bcb3-1e37573383fe,,,,,,
7cd5f300-f400-403c-a44a-8df0516bdc2e,,,,,,
ccc1b2d8-089a-4dc2-858e-aadccfc5fa91,,,,,,
43dbfd69-d4d0-4cab-b327-a90235a5a5f9,,,,,,
3c29f3a6-ae59-4a4e-8f05-c35ffe80f144,,,,,,
fc14a2dd-ee03-44ed-995c-5d0286832e8f,,,,,,
ad890c2b-9ab2-4470-8619-03c1606ac925,,,,,,
9f729c31-bb30-4940-8ed4-e167a99b9568,,,,,,
b2fef499-89f2-41f8-afe9-f6c0f5b4f64d,,,,,,
dcbdfe90-20c3-4c82-a10c-c7c2ecabe58d,,,,,,
7f62a20f-30d7-479f-860a-dec6ac3b17d2,,,,,,
d724d915-4496-4187-9907-43c2e5c85be7,,,,,,
3a1d9928-f475-4271-99d7-e567e59027c2,,,,,,
d10a7d7f-cc34-46ef-a8eb-203a4b49df63,,,,,,
9e9fd341-0af8-4a5d-b694-4e85cda0f1f7,,,,,,
3810c558-3d15-4fc2-87df-660e9ec3476c,,,,,,
fd20cc2b-4af8-4d7c-988e-bc7f3c448919,,,,,,
7aa1f80d-2fe2-4720-9acd-8d42996d2812,,,,,,
00c1c427-03ca-4477-88b4-2274e80446dd,,,,,,
